Hotel Name,HWID,Activation Date,Serial Number
Acqualina,C91160BB-E277-48E5-A6B5-ADE0F5D01966,4/22/2025 8:44,Serial # S-REMOVEDFORPRIVACY
Acqualina,4F9C2B65-CA7E-45A3-85A5-FDC6D2600378,3/6/2025 16:18,Serial # S-REMOVEDFORPRIVACY
Acqualina,EA43B0CD-B3D7-49FA-A75E-415DC6DD6398,3/6/2025 16:14,Serial # S-REMOVEDFORPRIVACY
Acqualina,6FA3AA6C-F5E1-4A31-B93F-F93423B5530C,3/6/2025 16:09,Serial # S-REMOVEDFORPRIVACY
Acqualina,D5229BF4-A848-4F91-B563-0563B52A43F2,3/6/2025 15:59,Serial # S-REMOVEDFORPRIVACY
Acqualina,4BBC13AF-3F61-4EC6-A89E-D6C9CF4A33DE,11/19/2024 13:52,Serial # S-REMOVEDFORPRIVACY
Acqualina,B6DD3474-4239-4AF9-8DD3-9FA08CD8890B,11/18/2024 14:31,Serial # S-REMOVEDFORPRIVACY
Acqualina,E9609B8B-897E-40C4-A831-BE9C47AE7AAB,10/18/2021 18:28,Serial # S-REMOVEDFORPRIVACY
Aman,9577D62F-BF43-4A92-BF2A-6FAC882EF351,5/5/2022 11:36,Serial # S-REMOVEDFORPRIVACY
Aman,fd4b2cc1771cb4a3,4/12/2024 11:34,Serial # S-REMOVEDFORPRIVACY
Aman,166544B3000,4/14/2022 16:16,Serial # S-REMOVEDFORPRIVACY
